XCoord,YCoord,FID
113.89300952,22.45440686,0
114.49488076,22.45440686,1
114.50386391,22.45440686,2
114.51284706,22.45440686,3
113.89300952,22.46270869,4
114.50386391,22.46270869,5
114.51284706,22.46270869,6
114.52183022,22.46270869,7
113.87504321,22.47101003,8
113.88402636,22.47101003,9
113.89300952,22.47101003,10
113.90199267,22.47101003,11
114.48589760,22.47101003,12
114.49488076,22.47101003,13
114.50386391,22.47101003,14
114.51284706,22.47101003,15
114.52183022,22.47101003,16
113.87504321,22.47931087,17
113.88402636,22.47931087,18
113.89300952,22.47931087,19
113.90199267,22.47931087,20
113.91097582,22.47931087,21
114.48589760,22.47931087,22
114.49488076,22.47931087,23
114.50386391,22.47931087,24
114.51284706,22.47931087,25
114.52183022,22.47931087,26
114.53081337,22.47931087,27
114.55776283,22.47931087,28
113.86606006,22.48761121,29
113.87504321,22.48761121,30
113.88402636,22.48761121,31
113.89300952,22.48761121,32
113.90199267,22.48761121,33
113.91097582,22.48761121,34
113.91995898,22.48761121,35
113.92894213,22.48761121,36
114.48589760,22.48761121,37
114.49488076,22.48761121,38
114.50386391,22.48761121,39
114.51284706,22.48761121,40
114.52183022,22.48761121,41
114.53081337,22.48761121,42
114.53979652,22.48761121,43
114.54877967,22.48761121,44
114.55776283,22.48761121,45
114.56674598,22.48761121,46
114.57572913,22.48761121,47
113.86606006,22.49591106,48
113.87504321,22.49591106,49
113.88402636,22.49591106,50
113.89300952,22.49591106,51
113.90199267,22.49591106,52
113.91097582,22.49591106,53
113.91995898,22.49591106,54
113.92894213,22.49591106,55
113.93792528,22.49591106,56
113.94690843,22.49591106,57
114.48589760,22.49591106,58
114.49488076,22.49591106,59
114.50386391,22.49591106,60
114.51284706,22.49591106,61
114.52183022,22.49591106,62
114.53081337,22.49591106,63
114.53979652,22.49591106,64
114.54877967,22.49591106,65
114.55776283,22.49591106,66
114.56674598,22.49591106,67
114.57572913,22.49591106,68
114.58471229,22.49591106,69
114.59369544,22.49591106,70
113.86606006,22.50421041,71
113.87504321,22.50421041,72
113.88402636,22.50421041,73
113.89300952,22.50421041,74
113.90199267,22.50421041,75
113.91097582,22.50421041,76
113.91995898,22.50421041,77
113.92894213,22.50421041,78
113.93792528,22.50421041,79
113.94690843,22.50421041,80
114.04572311,22.50421041,81
114.05470627,22.50421041,82
114.48589760,22.50421041,83
114.49488076,22.50421041,84
114.50386391,22.50421041,85
114.51284706,22.50421041,86
114.52183022,22.50421041,87
114.53081337,22.50421041,88
114.53979652,22.50421041,89
114.54877967,22.50421041,90
114.55776283,22.50421041,91
114.56674598,22.50421041,92
114.57572913,22.50421041,93
114.58471229,22.50421041,94
114.59369544,22.50421041,95
114.60267859,22.50421041,96
114.61166174,22.50421041,97
113.86606006,22.51250925,98
113.87504321,22.51250925,99
113.88402636,22.51250925,100
113.89300952,22.51250925,101
113.90199267,22.51250925,102
113.91097582,22.51250925,103
113.91995898,22.51250925,104
113.92894213,22.51250925,105
113.93792528,22.51250925,106
113.94690843,22.51250925,107
114.03673996,22.51250925,108
114.04572311,22.51250925,109
114.05470627,22.51250925,110
114.47691445,22.51250925,111
114.48589760,22.51250925,112
114.49488076,22.51250925,113
114.50386391,22.51250925,114
114.51284706,22.51250925,115
114.52183022,22.51250925,116
114.53081337,22.51250925,117
114.53979652,22.51250925,118
114.54877967,22.51250925,119
114.55776283,22.51250925,120
114.56674598,22.51250925,121
114.57572913,22.51250925,122
114.58471229,22.51250925,123
114.59369544,22.51250925,124
114.60267859,22.51250925,125
114.61166174,22.51250925,126
114.62064490,22.51250925,127
113.88402636,22.52080761,128
113.89300952,22.52080761,129
113.90199267,22.52080761,130
113.91097582,22.52080761,131
113.91995898,22.52080761,132
113.92894213,22.52080761,133
113.93792528,22.52080761,134
113.94690843,22.52080761,135
113.95589159,22.52080761,136
113.96487474,22.52080761,137
113.97385789,22.52080761,138
113.98284104,22.52080761,139
114.02775681,22.52080761,140
114.03673996,22.52080761,141
114.04572311,22.52080761,142
114.05470627,22.52080761,143
114.06368942,22.52080761,144
114.07267257,22.52080761,145
114.08165573,22.52080761,146
114.48589760,22.52080761,147
114.49488076,22.52080761,148
114.50386391,22.52080761,149
114.51284706,22.52080761,150
114.52183022,22.52080761,151
114.53081337,22.52080761,152
114.53979652,22.52080761,153
114.54877967,22.52080761,154
114.55776283,22.52080761,155
114.56674598,22.52080761,156
114.57572913,22.52080761,157
114.58471229,22.52080761,158
114.59369544,22.52080761,159
114.60267859,22.52080761,160
114.61166174,22.52080761,161
113.88402636,22.52910546,162
113.89300952,22.52910546,163
113.90199267,22.52910546,164
113.91097582,22.52910546,165
113.91995898,22.52910546,166
113.92894213,22.52910546,167
113.93792528,22.52910546,168
113.94690843,22.52910546,169
113.95589159,22.52910546,170
113.96487474,22.52910546,171
113.97385789,22.52910546,172
113.98284104,22.52910546,173
113.99182420,22.52910546,174
114.00080735,22.52910546,175
114.00979050,22.52910546,176
114.01877366,22.52910546,177
114.02775681,22.52910546,178
114.03673996,22.52910546,179
114.04572311,22.52910546,180
114.05470627,22.52910546,181
114.06368942,22.52910546,182
114.07267257,22.52910546,183
114.48589760,22.52910546,184
114.49488076,22.52910546,185
114.50386391,22.52910546,186
114.51284706,22.52910546,187
114.52183022,22.52910546,188
114.53081337,22.52910546,189
114.53979652,22.52910546,190
114.54877967,22.52910546,191
114.55776283,22.52910546,192
114.56674598,22.52910546,193
114.57572913,22.52910546,194
114.58471229,22.52910546,195
114.59369544,22.52910546,196
114.60267859,22.52910546,197
113.88402636,22.53740281,198
113.89300952,22.53740281,199
113.90199267,22.53740281,200
113.91097582,22.53740281,201
113.91995898,22.53740281,202
113.92894213,22.53740281,203
113.93792528,22.53740281,204
113.94690843,22.53740281,205
113.95589159,22.53740281,206
113.96487474,22.53740281,207
113.97385789,22.53740281,208
113.98284104,22.53740281,209
113.99182420,22.53740281,210
114.00080735,22.53740281,211
114.00979050,22.53740281,212
114.01877366,22.53740281,213
114.02775681,22.53740281,214
114.03673996,22.53740281,215
114.04572311,22.53740281,216
114.05470627,22.53740281,217
114.06368942,22.53740281,218
114.07267257,22.53740281,219
114.08165573,22.53740281,220
114.09063888,22.53740281,221
114.09962203,22.53740281,222
114.10860518,22.53740281,223
114.11758834,22.53740281,224
114.48589760,22.53740281,225
114.49488076,22.53740281,226
114.50386391,22.53740281,227
114.51284706,22.53740281,228
114.52183022,22.53740281,229
114.53081337,22.53740281,230
114.53979652,22.53740281,231
114.54877967,22.53740281,232
114.55776283,22.53740281,233
114.56674598,22.53740281,234
114.57572913,22.53740281,235
114.58471229,22.53740281,236
114.59369544,22.53740281,237
114.60267859,22.53740281,238
113.85707691,22.54569967,239
113.87504321,22.54569967,240
113.88402636,22.54569967,241
113.89300952,22.54569967,242
113.90199267,22.54569967,243
113.91097582,22.54569967,244
113.91995898,22.54569967,245
113.92894213,22.54569967,246
113.93792528,22.54569967,247
113.94690843,22.54569967,248
113.95589159,22.54569967,249
113.96487474,22.54569967,250
113.97385789,22.54569967,251
113.98284104,22.54569967,252
113.99182420,22.54569967,253
114.00080735,22.54569967,254
114.00979050,22.54569967,255
114.01877366,22.54569967,256
114.02775681,22.54569967,257
114.03673996,22.54569967,258
114.04572311,22.54569967,259
114.05470627,22.54569967,260
114.06368942,22.54569967,261
114.07267257,22.54569967,262
114.08165573,22.54569967,263
114.09063888,22.54569967,264
114.09962203,22.54569967,265
114.10860518,22.54569967,266
114.11758834,22.54569967,267
114.12657149,22.54569967,268
114.13555464,22.54569967,269
114.14453780,22.54569967,270
114.48589760,22.54569967,271
114.49488076,22.54569967,272
114.50386391,22.54569967,273
114.51284706,22.54569967,274
114.52183022,22.54569967,275
114.53081337,22.54569967,276
114.53979652,22.54569967,277
114.54877967,22.54569967,278
114.55776283,22.54569967,279
114.56674598,22.54569967,280
114.57572913,22.54569967,281
113.86606006,22.55399603,282
113.87504321,22.55399603,283
113.88402636,22.55399603,284
113.89300952,22.55399603,285
113.90199267,22.55399603,286
113.91097582,22.55399603,287
113.91995898,22.55399603,288
113.92894213,22.55399603,289
113.93792528,22.55399603,290
113.94690843,22.55399603,291
113.95589159,22.55399603,292
113.96487474,22.55399603,293
113.97385789,22.55399603,294
113.98284104,22.55399603,295
113.99182420,22.55399603,296
114.00080735,22.55399603,297
114.00979050,22.55399603,298
114.01877366,22.55399603,299
114.02775681,22.55399603,300
114.03673996,22.55399603,301
114.04572311,22.55399603,302
114.05470627,22.55399603,303
114.06368942,22.55399603,304
114.07267257,22.55399603,305
114.08165573,22.55399603,306
114.09063888,22.55399603,307
114.09962203,22.55399603,308
114.10860518,22.55399603,309
114.11758834,22.55399603,310
114.12657149,22.55399603,311
114.13555464,22.55399603,312
114.14453780,22.55399603,313
114.22538617,22.55399603,314
114.23436932,22.55399603,315
114.46793130,22.55399603,316
114.47691445,22.55399603,317
114.48589760,22.55399603,318
114.49488076,22.55399603,319
114.52183022,22.55399603,320
114.53081337,22.55399603,321
114.53979652,22.55399603,322
114.54877967,22.55399603,323
114.55776283,22.55399603,324
113.84809375,22.56229188,325
113.85707691,22.56229188,326
113.86606006,22.56229188,327
113.87504321,22.56229188,328
113.88402636,22.56229188,329
113.89300952,22.56229188,330
113.90199267,22.56229188,331
113.91097582,22.56229188,332
113.91995898,22.56229188,333
113.92894213,22.56229188,334
113.93792528,22.56229188,335
113.94690843,22.56229188,336
113.95589159,22.56229188,337
113.96487474,22.56229188,338
113.97385789,22.56229188,339
113.98284104,22.56229188,340
113.99182420,22.56229188,341
114.00080735,22.56229188,342
114.00979050,22.56229188,343
114.01877366,22.56229188,344
114.02775681,22.56229188,345
114.03673996,22.56229188,346
114.04572311,22.56229188,347
114.05470627,22.56229188,348
114.06368942,22.56229188,349
114.07267257,22.56229188,350
114.08165573,22.56229188,351
114.09063888,22.56229188,352
114.09962203,22.56229188,353
114.10860518,22.56229188,354
114.11758834,22.56229188,355
114.12657149,22.56229188,356
114.13555464,22.56229188,357
114.14453780,22.56229188,358
114.15352095,22.56229188,359
114.16250410,22.56229188,360
114.17148725,22.56229188,361
114.18047041,22.56229188,362
114.18945356,22.56229188,363
114.19843671,22.56229188,364
114.20741987,22.56229188,365
114.21640302,22.56229188,366
114.22538617,22.56229188,367
114.23436932,22.56229188,368
114.24335248,22.56229188,369
114.46793130,22.56229188,370
114.47691445,22.56229188,371
114.48589760,22.56229188,372
114.53081337,22.56229188,373
114.53979652,22.56229188,374
113.83911060,22.57058724,375
113.84809375,22.57058724,376
113.85707691,22.57058724,377
113.86606006,22.57058724,378
113.87504321,22.57058724,379
113.88402636,22.57058724,380
113.89300952,22.57058724,381
113.90199267,22.57058724,382
113.91097582,22.57058724,383
113.91995898,22.57058724,384
113.92894213,22.57058724,385
113.93792528,22.57058724,386
113.94690843,22.57058724,387
113.95589159,22.57058724,388
113.96487474,22.57058724,389
113.97385789,22.57058724,390
113.98284104,22.57058724,391
113.99182420,22.57058724,392
114.00080735,22.57058724,393
114.00979050,22.57058724,394
114.01877366,22.57058724,395
114.02775681,22.57058724,396
114.03673996,22.57058724,397
114.04572311,22.57058724,398
114.05470627,22.57058724,399
114.06368942,22.57058724,400
114.07267257,22.57058724,401
114.08165573,22.57058724,402
114.09063888,22.57058724,403
114.09962203,22.57058724,404
114.10860518,22.57058724,405
114.11758834,22.57058724,406
114.12657149,22.57058724,407
114.13555464,22.57058724,408
114.14453780,22.57058724,409
114.15352095,22.57058724,410
114.16250410,22.57058724,411
114.17148725,22.57058724,412
114.18047041,22.57058724,413
114.18945356,22.57058724,414
114.19843671,22.57058724,415
114.20741987,22.57058724,416
114.21640302,22.57058724,417
114.22538617,22.57058724,418
114.23436932,22.57058724,419
114.24335248,22.57058724,420
114.25233563,22.57058724,421
114.27928509,22.57058724,422
114.44098184,22.57058724,423
114.44996499,22.57058724,424
114.45894815,22.57058724,425
114.46793130,22.57058724,426
114.47691445,22.57058724,427
114.48589760,22.57058724,428
114.49488076,22.57058724,429
113.83911060,22.57888210,430
113.84809375,22.57888210,431
113.85707691,22.57888210,432
113.86606006,22.57888210,433
113.87504321,22.57888210,434
113.88402636,22.57888210,435
113.89300952,22.57888210,436
113.90199267,22.57888210,437
113.91097582,22.57888210,438
113.91995898,22.57888210,439
113.92894213,22.57888210,440
113.93792528,22.57888210,441
113.94690843,22.57888210,442
113.95589159,22.57888210,443
113.96487474,22.57888210,444
113.97385789,22.57888210,445
113.98284104,22.57888210,446
113.99182420,22.57888210,447
114.00080735,22.57888210,448
114.00979050,22.57888210,449
114.01877366,22.57888210,450
114.02775681,22.57888210,451
114.03673996,22.57888210,452
114.04572311,22.57888210,453
114.05470627,22.57888210,454
114.06368942,22.57888210,455
114.07267257,22.57888210,456
114.08165573,22.57888210,457
114.09063888,22.57888210,458
114.09962203,22.57888210,459
114.10860518,22.57888210,460
114.11758834,22.57888210,461
114.12657149,22.57888210,462
114.13555464,22.57888210,463
114.14453780,22.57888210,464
114.15352095,22.57888210,465
114.16250410,22.57888210,466
114.17148725,22.57888210,467
114.18047041,22.57888210,468
114.18945356,22.57888210,469
114.19843671,22.57888210,470
114.20741987,22.57888210,471
114.21640302,22.57888210,472
114.22538617,22.57888210,473
114.23436932,22.57888210,474
114.24335248,22.57888210,475
114.25233563,22.57888210,476
114.26131878,22.57888210,477
114.27030194,22.57888210,478
114.44098184,22.57888210,479
114.44996499,22.57888210,480
114.45894815,22.57888210,481
114.46793130,22.57888210,482
114.47691445,22.57888210,483
114.48589760,22.57888210,484
114.49488076,22.57888210,485
113.83012745,22.58717646,486
113.83911060,22.58717646,487
113.84809375,22.58717646,488
113.85707691,22.58717646,489
113.86606006,22.58717646,490
113.87504321,22.58717646,491
113.88402636,22.58717646,492
113.89300952,22.58717646,493
113.90199267,22.58717646,494
113.91097582,22.58717646,495
113.91995898,22.58717646,496
113.92894213,22.58717646,497
113.93792528,22.58717646,498
113.94690843,22.58717646,499
113.95589159,22.58717646,500
113.96487474,22.58717646,501
113.97385789,22.58717646,502
113.98284104,22.58717646,503
113.99182420,22.58717646,504
114.00080735,22.58717646,505
114.00979050,22.58717646,506
114.01877366,22.58717646,507
114.02775681,22.58717646,508
114.03673996,22.58717646,509
114.04572311,22.58717646,510
114.05470627,22.58717646,511
114.06368942,22.58717646,512
114.07267257,22.58717646,513
114.08165573,22.58717646,514
114.09063888,22.58717646,515
114.09962203,22.58717646,516
114.10860518,22.58717646,517
114.11758834,22.58717646,518
114.12657149,22.58717646,519
114.13555464,22.58717646,520
114.14453780,22.58717646,521
114.15352095,22.58717646,522
114.16250410,22.58717646,523
114.17148725,22.58717646,524
114.18047041,22.58717646,525
114.18945356,22.58717646,526
114.19843671,22.58717646,527
114.20741987,22.58717646,528
114.21640302,22.58717646,529
114.22538617,22.58717646,530
114.23436932,22.58717646,531
114.24335248,22.58717646,532
114.25233563,22.58717646,533
114.26131878,22.58717646,534
114.27030194,22.58717646,535
114.27928509,22.58717646,536
114.28826824,22.58717646,537
114.29725139,22.58717646,538
114.44098184,22.58717646,539
114.44996499,22.58717646,540
114.45894815,22.58717646,541
114.46793130,22.58717646,542
114.47691445,22.58717646,543
114.48589760,22.58717646,544
114.49488076,22.58717646,545
113.82114429,22.59547033,546
113.83012745,22.59547033,547
113.83911060,22.59547033,548
113.84809375,22.59547033,549
113.85707691,22.59547033,550
113.86606006,22.59547033,551
113.87504321,22.59547033,552
113.88402636,22.59547033,553
113.89300952,22.59547033,554
113.90199267,22.59547033,555
113.91097582,22.59547033,556
113.91995898,22.59547033,557
113.92894213,22.59547033,558
113.93792528,22.59547033,559
113.94690843,22.59547033,560
113.95589159,22.59547033,561
113.96487474,22.59547033,562
113.97385789,22.59547033,563
113.98284104,22.59547033,564
113.99182420,22.59547033,565
114.00080735,22.59547033,566
114.00979050,22.59547033,567
114.01877366,22.59547033,568
114.02775681,22.59547033,569
114.03673996,22.59547033,570
114.04572311,22.59547033,571
114.05470627,22.59547033,572
114.06368942,22.59547033,573
114.07267257,22.59547033,574
114.08165573,22.59547033,575
114.09063888,22.59547033,576
114.09962203,22.59547033,577
114.10860518,22.59547033,578
114.11758834,22.59547033,579
114.12657149,22.59547033,580
114.13555464,22.59547033,581
114.14453780,22.59547033,582
114.15352095,22.59547033,583
114.16250410,22.59547033,584
114.17148725,22.59547033,585
114.18047041,22.59547033,586
114.18945356,22.59547033,587
114.19843671,22.59547033,588
114.20741987,22.59547033,589
114.21640302,22.59547033,590
114.22538617,22.59547033,591
114.23436932,22.59547033,592
114.24335248,22.59547033,593
114.25233563,22.59547033,594
114.26131878,22.59547033,595
114.27030194,22.59547033,596
114.27928509,22.59547033,597
114.28826824,22.59547033,598
114.29725139,22.59547033,599
114.43199869,22.59547033,600
114.44098184,22.59547033,601
114.44996499,22.59547033,602
114.45894815,22.59547033,603
114.46793130,22.59547033,604
114.47691445,22.59547033,605
114.48589760,22.59547033,606
114.49488076,22.59547033,607
114.50386391,22.59547033,608
114.51284706,22.59547033,609
114.52183022,22.59547033,610
114.53081337,22.59547033,611
114.53979652,22.59547033,612
113.81216114,22.60376369,613
113.82114429,22.60376369,614
113.83012745,22.60376369,615
113.83911060,22.60376369,616
113.84809375,22.60376369,617
113.85707691,22.60376369,618
113.86606006,22.60376369,619
113.87504321,22.60376369,620
113.88402636,22.60376369,621
113.89300952,22.60376369,622
113.90199267,22.60376369,623
113.91097582,22.60376369,624
113.91995898,22.60376369,625
113.92894213,22.60376369,626
113.93792528,22.60376369,627
113.94690843,22.60376369,628
113.95589159,22.60376369,629
113.96487474,22.60376369,630
113.97385789,22.60376369,631
113.98284104,22.60376369,632
113.99182420,22.60376369,633
114.00080735,22.60376369,634
114.00979050,22.60376369,635
114.01877366,22.60376369,636
114.02775681,22.60376369,637
114.03673996,22.60376369,638
114.04572311,22.60376369,639
114.05470627,22.60376369,640
114.06368942,22.60376369,641
114.07267257,22.60376369,642
114.08165573,22.60376369,643
114.09063888,22.60376369,644
114.09962203,22.60376369,645
114.10860518,22.60376369,646
114.11758834,22.60376369,647
114.12657149,22.60376369,648
114.13555464,22.60376369,649
114.14453780,22.60376369,650
114.15352095,22.60376369,651
114.16250410,22.60376369,652
114.17148725,22.60376369,653
114.18047041,22.60376369,654
114.18945356,22.60376369,655
114.19843671,22.60376369,656
114.20741987,22.60376369,657
114.21640302,22.60376369,658
114.22538617,22.60376369,659
114.23436932,22.60376369,660
114.24335248,22.60376369,661
114.25233563,22.60376369,662
114.26131878,22.60376369,663
114.27030194,22.60376369,664
114.27928509,22.60376369,665
114.28826824,22.60376369,666
114.29725139,22.60376369,667
114.30623455,22.60376369,668
114.31521770,22.60376369,669
114.32420085,22.60376369,670
114.33318401,22.60376369,671
114.34216716,22.60376369,672
114.35115031,22.60376369,673
114.42301553,22.60376369,674
114.43199869,22.60376369,675
114.44098184,22.60376369,676
114.44996499,22.60376369,677
114.45894815,22.60376369,678
114.46793130,22.60376369,679
114.47691445,22.60376369,680
114.48589760,22.60376369,681
114.49488076,22.60376369,682
114.50386391,22.60376369,683
114.51284706,22.60376369,684
114.52183022,22.60376369,685
114.53081337,22.60376369,686
114.53979652,22.60376369,687
114.54877967,22.60376369,688
113.80317799,22.61205655,689
113.81216114,22.61205655,690
113.82114429,22.61205655,691
113.83012745,22.61205655,692
113.83911060,22.61205655,693
113.84809375,22.61205655,694
113.85707691,22.61205655,695
113.86606006,22.61205655,696
113.87504321,22.61205655,697
113.88402636,22.61205655,698
113.89300952,22.61205655,699
113.90199267,22.61205655,700
113.91097582,22.61205655,701
113.91995898,22.61205655,702
113.92894213,22.61205655,703
113.93792528,22.61205655,704
113.94690843,22.61205655,705
113.95589159,22.61205655,706
113.96487474,22.61205655,707
113.97385789,22.61205655,708
113.98284104,22.61205655,709
113.99182420,22.61205655,710
114.00080735,22.61205655,711
114.00979050,22.61205655,712
114.01877366,22.61205655,713
114.02775681,22.61205655,714
114.03673996,22.61205655,715
114.04572311,22.61205655,716
114.05470627,22.61205655,717
114.06368942,22.61205655,718
114.07267257,22.61205655,719
114.08165573,22.61205655,720
114.09063888,22.61205655,721
114.09962203,22.61205655,722
114.10860518,22.61205655,723
114.11758834,22.61205655,724
114.12657149,22.61205655,725
114.13555464,22.61205655,726
114.14453780,22.61205655,727
114.15352095,22.61205655,728
114.16250410,22.61205655,729
114.17148725,22.61205655,730
114.18047041,22.61205655,731
114.18945356,22.61205655,732
114.19843671,22.61205655,733
114.20741987,22.61205655,734
114.21640302,22.61205655,735
114.22538617,22.61205655,736
114.23436932,22.61205655,737
114.24335248,22.61205655,738
114.25233563,22.61205655,739
114.26131878,22.61205655,740
114.27030194,22.61205655,741
114.27928509,22.61205655,742
114.28826824,22.61205655,743
114.29725139,22.61205655,744
114.30623455,22.61205655,745
114.31521770,22.61205655,746
114.32420085,22.61205655,747
114.33318401,22.61205655,748
114.34216716,22.61205655,749
114.35115031,22.61205655,750
114.36013346,22.61205655,751
114.36911662,22.61205655,752
114.37809977,22.61205655,753
114.40504923,22.61205655,754
114.41403238,22.61205655,755
114.42301553,22.61205655,756
114.43199869,22.61205655,757
114.44098184,22.61205655,758
114.44996499,22.61205655,759
114.45894815,22.61205655,760
114.46793130,22.61205655,761
114.47691445,22.61205655,762
114.48589760,22.61205655,763
114.49488076,22.61205655,764
114.50386391,22.61205655,765
114.51284706,22.61205655,766
114.52183022,22.61205655,767
114.53081337,22.61205655,768
114.53979652,22.61205655,769
114.54877967,22.61205655,770
114.55776283,22.61205655,771
113.80317799,22.62034891,772
113.81216114,22.62034891,773
113.82114429,22.62034891,774
113.83012745,22.62034891,775
113.83911060,22.62034891,776
113.84809375,22.62034891,777
113.85707691,22.62034891,778
113.86606006,22.62034891,779
113.87504321,22.62034891,780
113.88402636,22.62034891,781
113.89300952,22.62034891,782
113.90199267,22.62034891,783
113.91097582,22.62034891,784
113.91995898,22.62034891,785
113.92894213,22.62034891,786
113.93792528,22.62034891,787
113.94690843,22.62034891,788
113.95589159,22.62034891,789
113.96487474,22.62034891,790
113.97385789,22.62034891,791
113.98284104,22.62034891,792
113.99182420,22.62034891,793
114.00080735,22.62034891,794
114.00979050,22.62034891,795
114.01877366,22.62034891,796
114.02775681,22.62034891,797
114.03673996,22.62034891,798
114.04572311,22.62034891,799
114.05470627,22.62034891,800
114.06368942,22.62034891,801
114.07267257,22.62034891,802
114.08165573,22.62034891,803
114.09063888,22.62034891,804
114.09962203,22.62034891,805
114.10860518,22.62034891,806
114.11758834,22.62034891,807
114.12657149,22.62034891,808
114.13555464,22.62034891,809
114.14453780,22.62034891,810
114.15352095,22.62034891,811
114.16250410,22.62034891,812
114.17148725,22.62034891,813
114.18047041,22.62034891,814
114.18945356,22.62034891,815
114.19843671,22.62034891,816
114.20741987,22.62034891,817
114.21640302,22.62034891,818
114.22538617,22.62034891,819
114.23436932,22.62034891,820
114.24335248,22.62034891,821
114.25233563,22.62034891,822
114.26131878,22.62034891,823
114.27030194,22.62034891,824
114.27928509,22.62034891,825
114.28826824,22.62034891,826
114.29725139,22.62034891,827
114.30623455,22.62034891,828
114.31521770,22.62034891,829
114.32420085,22.62034891,830
114.33318401,22.62034891,831
114.34216716,22.62034891,832
114.35115031,22.62034891,833
114.36013346,22.62034891,834
114.36911662,22.62034891,835
114.37809977,22.62034891,836
114.38708292,22.62034891,837
114.39606608,22.62034891,838
114.40504923,22.62034891,839
114.41403238,22.62034891,840
114.42301553,22.62034891,841
114.43199869,22.62034891,842
114.44098184,22.62034891,843
114.44996499,22.62034891,844
114.45894815,22.62034891,845
114.46793130,22.62034891,846
114.47691445,22.62034891,847
114.48589760,22.62034891,848
114.49488076,22.62034891,849
114.50386391,22.62034891,850
114.51284706,22.62034891,851
114.52183022,22.62034891,852
114.53081337,22.62034891,853
114.53979652,22.62034891,854
114.54877967,22.62034891,855
114.55776283,22.62034891,856
114.56674598,22.62034891,857
114.57572913,22.62034891,858
113.79419484,22.62864077,859
113.80317799,22.62864077,860
113.81216114,22.62864077,861
113.82114429,22.62864077,862
113.83012745,22.62864077,863
113.83911060,22.62864077,864
113.84809375,22.62864077,865
113.85707691,22.62864077,866
113.86606006,22.62864077,867
113.87504321,22.62864077,868
113.88402636,22.62864077,869
113.89300952,22.62864077,870
113.90199267,22.62864077,871
113.91097582,22.62864077,872
113.91995898,22.62864077,873
113.92894213,22.62864077,874
113.93792528,22.62864077,875
113.94690843,22.62864077,876
113.95589159,22.62864077,877
113.96487474,22.62864077,878
113.97385789,22.62864077,879
113.98284104,22.62864077,880
113.99182420,22.62864077,881
114.00080735,22.62864077,882
114.00979050,22.62864077,883
114.01877366,22.62864077,884
114.02775681,22.62864077,885
114.03673996,22.62864077,886
114.04572311,22.62864077,887
114.05470627,22.62864077,888
114.06368942,22.62864077,889
114.07267257,22.62864077,890
114.08165573,22.62864077,891
114.09063888,22.62864077,892
114.09962203,22.62864077,893
114.10860518,22.62864077,894
114.11758834,22.62864077,895
114.12657149,22.62864077,896
114.13555464,22.62864077,897
114.14453780,22.62864077,898
114.15352095,22.62864077,899
114.16250410,22.62864077,900
114.17148725,22.62864077,901
114.18047041,22.62864077,902
114.18945356,22.62864077,903
114.19843671,22.62864077,904
114.20741987,22.62864077,905
114.21640302,22.62864077,906
114.22538617,22.62864077,907
114.23436932,22.62864077,908
114.24335248,22.62864077,909
114.25233563,22.62864077,910
114.26131878,22.62864077,911
114.27030194,22.62864077,912
114.27928509,22.62864077,913
114.28826824,22.62864077,914
114.29725139,22.62864077,915
114.30623455,22.62864077,916
114.31521770,22.62864077,917
114.32420085,22.62864077,918
114.33318401,22.62864077,919
114.34216716,22.62864077,920
114.35115031,22.62864077,921
114.36013346,22.62864077,922
114.36911662,22.62864077,923
114.37809977,22.62864077,924
114.38708292,22.62864077,925
114.39606608,22.62864077,926
114.40504923,22.62864077,927
114.41403238,22.62864077,928
114.42301553,22.62864077,929
114.43199869,22.62864077,930
114.44098184,22.62864077,931
114.44996499,22.62864077,932
114.45894815,22.62864077,933
114.46793130,22.62864077,934
114.47691445,22.62864077,935
114.48589760,22.62864077,936
114.49488076,22.62864077,937
114.50386391,22.62864077,938
114.51284706,22.62864077,939
114.52183022,22.62864077,940
114.53081337,22.62864077,941
114.53979652,22.62864077,942
114.54877967,22.62864077,943
114.55776283,22.62864077,944
114.56674598,22.62864077,945
114.57572913,22.62864077,946
113.78521168,22.63693213,947
113.79419484,22.63693213,948
113.80317799,22.63693213,949
113.81216114,22.63693213,950
113.82114429,22.63693213,951
113.83012745,22.63693213,952
113.83911060,22.63693213,953
113.84809375,22.63693213,954
113.85707691,22.63693213,955
113.86606006,22.63693213,956
113.87504321,22.63693213,957
113.88402636,22.63693213,958
113.89300952,22.63693213,959
113.90199267,22.63693213,960
113.91097582,22.63693213,961
113.91995898,22.63693213,962
113.92894213,22.63693213,963
113.93792528,22.63693213,964
113.94690843,22.63693213,965
113.95589159,22.63693213,966
113.96487474,22.63693213,967
113.97385789,22.63693213,968
113.98284104,22.63693213,969
113.99182420,22.63693213,970
114.00080735,22.63693213,971
114.00979050,22.63693213,972
114.01877366,22.63693213,973
114.02775681,22.63693213,974
114.03673996,22.63693213,975
114.04572311,22.63693213,976
114.05470627,22.63693213,977
114.06368942,22.63693213,978
114.07267257,22.63693213,979
114.08165573,22.63693213,980
114.09063888,22.63693213,981
114.09962203,22.63693213,982
114.10860518,22.63693213,983
114.11758834,22.63693213,984
114.12657149,22.63693213,985
114.13555464,22.63693213,986
114.14453780,22.63693213,987
114.15352095,22.63693213,988
114.16250410,22.63693213,989
114.17148725,22.63693213,990
114.18047041,22.63693213,991
114.18945356,22.63693213,992
114.19843671,22.63693213,993
114.20741987,22.63693213,994
114.21640302,22.63693213,995
114.22538617,22.63693213,996
114.23436932,22.63693213,997
114.24335248,22.63693213,998
114.25233563,22.63693213,999
114.26131878,22.63693213,1000
114.27030194,22.63693213,1001
114.27928509,22.63693213,1002
114.28826824,22.63693213,1003
114.29725139,22.63693213,1004
114.30623455,22.63693213,1005
114.31521770,22.63693213,1006
114.32420085,22.63693213,1007
114.33318401,22.63693213,1008
114.34216716,22.63693213,1009
114.35115031,22.63693213,1010
114.36013346,22.63693213,1011
114.36911662,22.63693213,1012
114.37809977,22.63693213,1013
114.38708292,22.63693213,1014
114.39606608,22.63693213,1015
114.40504923,22.63693213,1016
114.41403238,22.63693213,1017
114.42301553,22.63693213,1018
114.43199869,22.63693213,1019
114.44098184,22.63693213,1020
114.44996499,22.63693213,1021
114.45894815,22.63693213,1022
114.46793130,22.63693213,1023
114.47691445,22.63693213,1024
114.48589760,22.63693213,1025
114.49488076,22.63693213,1026
114.50386391,22.63693213,1027
114.51284706,22.63693213,1028
114.52183022,22.63693213,1029
114.53081337,22.63693213,1030
114.53979652,22.63693213,1031
114.54877967,22.63693213,1032
114.55776283,22.63693213,1033
114.56674598,22.63693213,1034
114.57572913,22.63693213,1035
113.78521168,22.64522300,1036
113.79419484,22.64522300,1037
113.80317799,22.64522300,1038
113.81216114,22.64522300,1039
113.82114429,22.64522300,1040
113.83012745,22.64522300,1041
113.83911060,22.64522300,1042
113.84809375,22.64522300,1043
113.85707691,22.64522300,1044
113.86606006,22.64522300,1045
113.87504321,22.64522300,1046
113.88402636,22.64522300,1047
113.89300952,22.64522300,1048
113.90199267,22.64522300,1049
113.91097582,22.64522300,1050
113.91995898,22.64522300,1051
113.92894213,22.64522300,1052
113.93792528,22.64522300,1053
113.94690843,22.64522300,1054
113.95589159,22.64522300,1055
113.96487474,22.64522300,1056
113.97385789,22.64522300,1057
113.98284104,22.64522300,1058
113.99182420,22.64522300,1059
114.00080735,22.64522300,1060
114.00979050,22.64522300,1061
114.01877366,22.64522300,1062
114.02775681,22.64522300,1063
114.03673996,22.64522300,1064
114.04572311,22.64522300,1065
114.05470627,22.64522300,1066
114.06368942,22.64522300,1067
114.07267257,22.64522300,1068
114.08165573,22.64522300,1069
114.09063888,22.64522300,1070
114.09962203,22.64522300,1071
114.10860518,22.64522300,1072
114.11758834,22.64522300,1073
114.12657149,22.64522300,1074
114.13555464,22.64522300,1075
114.14453780,22.64522300,1076
114.15352095,22.64522300,1077
114.16250410,22.64522300,1078
114.17148725,22.64522300,1079
114.18047041,22.64522300,1080
114.18945356,22.64522300,1081
114.19843671,22.64522300,1082
114.20741987,22.64522300,1083
114.21640302,22.64522300,1084
114.22538617,22.64522300,1085
114.23436932,22.64522300,1086
114.24335248,22.64522300,1087
114.25233563,22.64522300,1088
114.26131878,22.64522300,1089
114.27030194,22.64522300,1090
114.27928509,22.64522300,1091
114.28826824,22.64522300,1092
114.29725139,22.64522300,1093
114.30623455,22.64522300,1094
114.31521770,22.64522300,1095
114.32420085,22.64522300,1096
114.33318401,22.64522300,1097
114.34216716,22.64522300,1098
114.35115031,22.64522300,1099
114.36013346,22.64522300,1100
114.36911662,22.64522300,1101
114.37809977,22.64522300,1102
114.38708292,22.64522300,1103
114.39606608,22.64522300,1104
114.40504923,22.64522300,1105
114.41403238,22.64522300,1106
114.42301553,22.64522300,1107
114.43199869,22.64522300,1108
114.44098184,22.64522300,1109
114.44996499,22.64522300,1110
114.45894815,22.64522300,1111
114.46793130,22.64522300,1112
114.47691445,22.64522300,1113
114.48589760,22.64522300,1114
114.49488076,22.64522300,1115
114.50386391,22.64522300,1116
114.51284706,22.64522300,1117
114.52183022,22.64522300,1118
114.53081337,22.64522300,1119
114.53979652,22.64522300,1120
114.54877967,22.64522300,1121
114.55776283,22.64522300,1122
114.56674598,22.64522300,1123
114.57572913,22.64522300,1124
114.58471229,22.64522300,1125
113.77622853,22.65351336,1126
113.78521168,22.65351336,1127
113.79419484,22.65351336,1128
113.80317799,22.65351336,1129
113.81216114,22.65351336,1130
113.82114429,22.65351336,1131
113.83012745,22.65351336,1132
113.83911060,22.65351336,1133
113.84809375,22.65351336,1134
113.85707691,22.65351336,1135
113.86606006,22.65351336,1136
113.87504321,22.65351336,1137
113.88402636,22.65351336,1138
113.89300952,22.65351336,1139
113.90199267,22.65351336,1140
113.91097582,22.65351336,1141
113.91995898,22.65351336,1142
113.92894213,22.65351336,1143
113.93792528,22.65351336,1144
113.94690843,22.65351336,1145
113.95589159,22.65351336,1146
113.96487474,22.65351336,1147
113.97385789,22.65351336,1148
113.98284104,22.65351336,1149
113.99182420,22.65351336,1150
114.00080735,22.65351336,1151
114.00979050,22.65351336,1152
114.01877366,22.65351336,1153
114.02775681,22.65351336,1154
114.03673996,22.65351336,1155
114.04572311,22.65351336,1156
114.05470627,22.65351336,1157
114.06368942,22.65351336,1158
114.07267257,22.65351336,1159
114.08165573,22.65351336,1160
114.09063888,22.65351336,1161
114.09962203,22.65351336,1162
114.10860518,22.65351336,1163
114.11758834,22.65351336,1164
114.12657149,22.65351336,1165
114.13555464,22.65351336,1166
114.14453780,22.65351336,1167
114.15352095,22.65351336,1168
114.16250410,22.65351336,1169
114.17148725,22.65351336,1170
114.18047041,22.65351336,1171
114.18945356,22.65351336,1172
114.19843671,22.65351336,1173
114.20741987,22.65351336,1174
114.21640302,22.65351336,1175
114.22538617,22.65351336,1176
114.23436932,22.65351336,1177
114.24335248,22.65351336,1178
114.25233563,22.65351336,1179
114.26131878,22.65351336,1180
114.27030194,22.65351336,1181
114.27928509,22.65351336,1182
114.28826824,22.65351336,1183
114.29725139,22.65351336,1184
114.30623455,22.65351336,1185
114.31521770,22.65351336,1186
114.32420085,22.65351336,1187
114.33318401,22.65351336,1188
114.34216716,22.65351336,1189
114.35115031,22.65351336,1190
114.36013346,22.65351336,1191
114.36911662,22.65351336,1192
114.37809977,22.65351336,1193
114.38708292,22.65351336,1194
114.39606608,22.65351336,1195
114.40504923,22.65351336,1196
114.41403238,22.65351336,1197
114.42301553,22.65351336,1198
114.43199869,22.65351336,1199
114.44098184,22.65351336,1200
114.44996499,22.65351336,1201
114.45894815,22.65351336,1202
114.46793130,22.65351336,1203
114.47691445,22.65351336,1204
114.48589760,22.65351336,1205
114.49488076,22.65351336,1206
114.50386391,22.65351336,1207
114.52183022,22.65351336,1208
114.53081337,22.65351336,1209
114.55776283,22.65351336,1210
114.56674598,22.65351336,1211
114.57572913,22.65351336,1212
114.58471229,22.65351336,1213
114.59369544,22.65351336,1214
113.77622853,22.66180322,1215
113.78521168,22.66180322,1216
113.79419484,22.66180322,1217
113.80317799,22.66180322,1218
113.81216114,22.66180322,1219
113.82114429,22.66180322,1220
113.83012745,22.66180322,1221
113.83911060,22.66180322,1222
113.84809375,22.66180322,1223
113.85707691,22.66180322,1224
113.86606006,22.66180322,1225
113.87504321,22.66180322,1226
113.88402636,22.66180322,1227
113.89300952,22.66180322,1228
113.90199267,22.66180322,1229
113.91097582,22.66180322,1230
113.91995898,22.66180322,1231
113.92894213,22.66180322,1232
113.93792528,22.66180322,1233
113.94690843,22.66180322,1234
113.95589159,22.66180322,1235
113.96487474,22.66180322,1236
113.97385789,22.66180322,1237
113.98284104,22.66180322,1238
113.99182420,22.66180322,1239
114.00080735,22.66180322,1240
114.00979050,22.66180322,1241
114.01877366,22.66180322,1242
114.02775681,22.66180322,1243
114.03673996,22.66180322,1244
114.04572311,22.66180322,1245
114.05470627,22.66180322,1246
114.06368942,22.66180322,1247
114.07267257,22.66180322,1248
114.08165573,22.66180322,1249
114.09063888,22.66180322,1250
114.09962203,22.66180322,1251
114.10860518,22.66180322,1252
114.11758834,22.66180322,1253
114.12657149,22.66180322,1254
114.13555464,22.66180322,1255
114.14453780,22.66180322,1256
114.15352095,22.66180322,1257
114.18047041,22.66180322,1258
114.18945356,22.66180322,1259
114.19843671,22.66180322,1260
114.20741987,22.66180322,1261
114.21640302,22.66180322,1262
114.22538617,22.66180322,1263
114.23436932,22.66180322,1264
114.24335248,22.66180322,1265
114.25233563,22.66180322,1266
114.26131878,22.66180322,1267
114.27030194,22.66180322,1268
114.27928509,22.66180322,1269
114.28826824,22.66180322,1270
114.29725139,22.66180322,1271
114.30623455,22.66180322,1272
114.31521770,22.66180322,1273
114.32420085,22.66180322,1274
114.33318401,22.66180322,1275
114.34216716,22.66180322,1276
114.35115031,22.66180322,1277
114.36013346,22.66180322,1278
114.36911662,22.66180322,1279
114.37809977,22.66180322,1280
114.38708292,22.66180322,1281
114.39606608,22.66180322,1282
114.40504923,22.66180322,1283
114.41403238,22.66180322,1284
114.42301553,22.66180322,1285
114.43199869,22.66180322,1286
114.44098184,22.66180322,1287
114.44996499,22.66180322,1288
114.45894815,22.66180322,1289
114.46793130,22.66180322,1290
114.47691445,22.66180322,1291
114.48589760,22.66180322,1292
114.49488076,22.66180322,1293
113.76724538,22.67009258,1294
113.77622853,22.67009258,1295
113.78521168,22.67009258,1296
113.79419484,22.67009258,1297
113.80317799,22.67009258,1298
113.81216114,22.67009258,1299
113.82114429,22.67009258,1300
113.83012745,22.67009258,1301
113.83911060,22.67009258,1302
113.84809375,22.67009258,1303
113.85707691,22.67009258,1304
113.86606006,22.67009258,1305
113.87504321,22.67009258,1306
113.88402636,22.67009258,1307
113.89300952,22.67009258,1308
113.90199267,22.67009258,1309
113.91097582,22.67009258,1310
113.91995898,22.67009258,1311
113.92894213,22.67009258,1312
113.93792528,22.67009258,1313
113.94690843,22.67009258,1314
113.95589159,22.67009258,1315
113.96487474,22.67009258,1316
113.97385789,22.67009258,1317
113.98284104,22.67009258,1318
113.99182420,22.67009258,1319
114.00080735,22.67009258,1320
114.00979050,22.67009258,1321
114.01877366,22.67009258,1322
114.02775681,22.67009258,1323
114.03673996,22.67009258,1324
114.04572311,22.67009258,1325
114.05470627,22.67009258,1326
114.06368942,22.67009258,1327
114.07267257,22.67009258,1328
114.08165573,22.67009258,1329
114.09063888,22.67009258,1330
114.09962203,22.67009258,1331
114.10860518,22.67009258,1332
114.11758834,22.67009258,1333
114.12657149,22.67009258,1334
114.13555464,22.67009258,1335
114.14453780,22.67009258,1336
114.18945356,22.67009258,1337
114.19843671,22.67009258,1338
114.20741987,22.67009258,1339
114.21640302,22.67009258,1340
114.22538617,22.67009258,1341
114.23436932,22.67009258,1342
114.24335248,22.67009258,1343
114.25233563,22.67009258,1344
114.26131878,22.67009258,1345
114.27030194,22.67009258,1346
114.27928509,22.67009258,1347
114.28826824,22.67009258,1348
114.29725139,22.67009258,1349
114.30623455,22.67009258,1350
114.31521770,22.67009258,1351
114.32420085,22.67009258,1352
114.33318401,22.67009258,1353
114.34216716,22.67009258,1354
114.35115031,22.67009258,1355
114.36013346,22.67009258,1356
114.36911662,22.67009258,1357
114.37809977,22.67009258,1358
114.38708292,22.67009258,1359
114.39606608,22.67009258,1360
114.40504923,22.67009258,1361
114.41403238,22.67009258,1362
114.42301553,22.67009258,1363
114.44996499,22.67009258,1364
114.45894815,22.67009258,1365
114.47691445,22.67009258,1366
114.48589760,22.67009258,1367
114.49488076,22.67009258,1368
113.76724538,22.67838143,1369
113.77622853,22.67838143,1370
113.78521168,22.67838143,1371
113.79419484,22.67838143,1372
113.80317799,22.67838143,1373
113.81216114,22.67838143,1374
113.82114429,22.67838143,1375
113.83012745,22.67838143,1376
113.83911060,22.67838143,1377
113.84809375,22.67838143,1378
113.85707691,22.67838143,1379
113.86606006,22.67838143,1380
113.87504321,22.67838143,1381
113.88402636,22.67838143,1382
113.89300952,22.67838143,1383
113.90199267,22.67838143,1384
113.91097582,22.67838143,1385
113.91995898,22.67838143,1386
113.92894213,22.67838143,1387
113.93792528,22.67838143,1388
113.94690843,22.67838143,1389
113.95589159,22.67838143,1390
113.96487474,22.67838143,1391
113.97385789,22.67838143,1392
113.98284104,22.67838143,1393
113.99182420,22.67838143,1394
114.00080735,22.67838143,1395
114.00979050,22.67838143,1396
114.01877366,22.67838143,1397
114.02775681,22.67838143,1398
114.03673996,22.67838143,1399
114.04572311,22.67838143,1400
114.05470627,22.67838143,1401
114.06368942,22.67838143,1402
114.07267257,22.67838143,1403
114.08165573,22.67838143,1404
114.09063888,22.67838143,1405
114.09962203,22.67838143,1406
114.10860518,22.67838143,1407
114.11758834,22.67838143,1408
114.12657149,22.67838143,1409
114.13555464,22.67838143,1410
114.14453780,22.67838143,1411
114.15352095,22.67838143,1412
114.18945356,22.67838143,1413
114.19843671,22.67838143,1414
114.20741987,22.67838143,1415
114.21640302,22.67838143,1416
114.22538617,22.67838143,1417
114.23436932,22.67838143,1418
114.24335248,22.67838143,1419
114.25233563,22.67838143,1420
114.26131878,22.67838143,1421
114.27030194,22.67838143,1422
114.27928509,22.67838143,1423
114.28826824,22.67838143,1424
114.29725139,22.67838143,1425
114.30623455,22.67838143,1426
114.31521770,22.67838143,1427
114.32420085,22.67838143,1428
114.33318401,22.67838143,1429
114.34216716,22.67838143,1430
114.35115031,22.67838143,1431
114.36013346,22.67838143,1432
114.36911662,22.67838143,1433
114.37809977,22.67838143,1434
114.38708292,22.67838143,1435
114.39606608,22.67838143,1436
114.40504923,22.67838143,1437
114.41403238,22.67838143,1438
113.75826222,22.68666979,1439
113.76724538,22.68666979,1440
113.77622853,22.68666979,1441
113.78521168,22.68666979,1442
113.79419484,22.68666979,1443
113.80317799,22.68666979,1444
113.81216114,22.68666979,1445
113.82114429,22.68666979,1446
113.83012745,22.68666979,1447
113.83911060,22.68666979,1448
113.84809375,22.68666979,1449
113.85707691,22.68666979,1450
113.86606006,22.68666979,1451
113.87504321,22.68666979,1452
113.88402636,22.68666979,1453
113.89300952,22.68666979,1454
113.90199267,22.68666979,1455
113.91097582,22.68666979,1456
113.91995898,22.68666979,1457
113.92894213,22.68666979,1458
113.93792528,22.68666979,1459
113.94690843,22.68666979,1460
113.95589159,22.68666979,1461
113.96487474,22.68666979,1462
113.97385789,22.68666979,1463
113.98284104,22.68666979,1464
113.99182420,22.68666979,1465
114.00080735,22.68666979,1466
114.00979050,22.68666979,1467
114.01877366,22.68666979,1468
114.02775681,22.68666979,1469
114.03673996,22.68666979,1470
114.04572311,22.68666979,1471
114.05470627,22.68666979,1472
114.06368942,22.68666979,1473
114.07267257,22.68666979,1474
114.08165573,22.68666979,1475
114.09063888,22.68666979,1476
114.09962203,22.68666979,1477
114.10860518,22.68666979,1478
114.11758834,22.68666979,1479
114.12657149,22.68666979,1480
114.13555464,22.68666979,1481
114.14453780,22.68666979,1482
114.15352095,22.68666979,1483
114.18945356,22.68666979,1484
114.19843671,22.68666979,1485
114.20741987,22.68666979,1486
114.21640302,22.68666979,1487
114.22538617,22.68666979,1488
114.23436932,22.68666979,1489
114.24335248,22.68666979,1490
114.25233563,22.68666979,1491
114.26131878,22.68666979,1492
114.27030194,22.68666979,1493
114.27928509,22.68666979,1494
114.28826824,22.68666979,1495
114.29725139,22.68666979,1496
114.30623455,22.68666979,1497
114.31521770,22.68666979,1498
114.32420085,22.68666979,1499
114.33318401,22.68666979,1500
114.34216716,22.68666979,1501
114.35115031,22.68666979,1502
114.36013346,22.68666979,1503
114.36911662,22.68666979,1504
114.37809977,22.68666979,1505
114.38708292,22.68666979,1506
114.39606608,22.68666979,1507
114.40504923,22.68666979,1508
114.41403238,22.68666979,1509
114.42301553,22.68666979,1510
114.43199869,22.68666979,1511
113.75826222,22.69495765,1512
113.76724538,22.69495765,1513
113.77622853,22.69495765,1514
113.78521168,22.69495765,1515
113.79419484,22.69495765,1516
113.80317799,22.69495765,1517
113.81216114,22.69495765,1518
113.82114429,22.69495765,1519
113.83012745,22.69495765,1520
113.83911060,22.69495765,1521
113.84809375,22.69495765,1522
113.85707691,22.69495765,1523
113.86606006,22.69495765,1524
113.87504321,22.69495765,1525
113.88402636,22.69495765,1526
113.89300952,22.69495765,1527
113.90199267,22.69495765,1528
113.91097582,22.69495765,1529
113.91995898,22.69495765,1530
113.92894213,22.69495765,1531
113.93792528,22.69495765,1532
113.94690843,22.69495765,1533
113.95589159,22.69495765,1534
113.96487474,22.69495765,1535
113.97385789,22.69495765,1536
113.98284104,22.69495765,1537
113.99182420,22.69495765,1538
114.00080735,22.69495765,1539
114.00979050,22.69495765,1540
114.01877366,22.69495765,1541
114.02775681,22.69495765,1542
114.03673996,22.69495765,1543
114.04572311,22.69495765,1544
114.05470627,22.69495765,1545
114.06368942,22.69495765,1546
114.07267257,22.69495765,1547
114.08165573,22.69495765,1548
114.09063888,22.69495765,1549
114.09962203,22.69495765,1550
114.10860518,22.69495765,1551
114.11758834,22.69495765,1552
114.12657149,22.69495765,1553
114.13555464,22.69495765,1554
114.14453780,22.69495765,1555
114.19843671,22.69495765,1556
114.20741987,22.69495765,1557
114.21640302,22.69495765,1558
114.22538617,22.69495765,1559
114.23436932,22.69495765,1560
114.24335248,22.69495765,1561
114.25233563,22.69495765,1562
114.26131878,22.69495765,1563
114.27030194,22.69495765,1564
114.27928509,22.69495765,1565
114.28826824,22.69495765,1566
114.29725139,22.69495765,1567
114.30623455,22.69495765,1568
114.31521770,22.69495765,1569
114.32420085,22.69495765,1570
114.33318401,22.69495765,1571
114.34216716,22.69495765,1572
114.35115031,22.69495765,1573
114.36013346,22.69495765,1574
114.36911662,22.69495765,1575
114.37809977,22.69495765,1576
114.38708292,22.69495765,1577
114.39606608,22.69495765,1578
114.40504923,22.69495765,1579
114.41403238,22.69495765,1580
114.42301553,22.69495765,1581
114.43199869,22.69495765,1582
113.75826222,22.70324500,1583
113.76724538,22.70324500,1584
113.77622853,22.70324500,1585
113.78521168,22.70324500,1586
113.79419484,22.70324500,1587
113.80317799,22.70324500,1588
113.81216114,22.70324500,1589
113.82114429,22.70324500,1590
113.83012745,22.70324500,1591
113.83911060,22.70324500,1592
113.84809375,22.70324500,1593
113.85707691,22.70324500,1594
113.86606006,22.70324500,1595
113.87504321,22.70324500,1596
113.88402636,22.70324500,1597
113.89300952,22.70324500,1598
113.90199267,22.70324500,1599
113.91097582,22.70324500,1600
113.91995898,22.70324500,1601
113.92894213,22.70324500,1602
113.93792528,22.70324500,1603
113.94690843,22.70324500,1604
113.95589159,22.70324500,1605
113.96487474,22.70324500,1606
113.97385789,22.70324500,1607
113.98284104,22.70324500,1608
113.99182420,22.70324500,1609
114.00080735,22.70324500,1610
114.00979050,22.70324500,1611
114.01877366,22.70324500,1612
114.02775681,22.70324500,1613
114.03673996,22.70324500,1614
114.04572311,22.70324500,1615
114.05470627,22.70324500,1616
114.06368942,22.70324500,1617
114.07267257,22.70324500,1618
114.08165573,22.70324500,1619
114.09063888,22.70324500,1620
114.09962203,22.70324500,1621
114.10860518,22.70324500,1622
114.11758834,22.70324500,1623
114.12657149,22.70324500,1624
114.13555464,22.70324500,1625
114.19843671,22.70324500,1626
114.20741987,22.70324500,1627
114.21640302,22.70324500,1628
114.22538617,22.70324500,1629
114.23436932,22.70324500,1630
114.24335248,22.70324500,1631
114.25233563,22.70324500,1632
114.26131878,22.70324500,1633
114.27030194,22.70324500,1634
114.27928509,22.70324500,1635
114.28826824,22.70324500,1636
114.29725139,22.70324500,1637
114.30623455,22.70324500,1638
114.31521770,22.70324500,1639
114.32420085,22.70324500,1640
114.33318401,22.70324500,1641
114.34216716,22.70324500,1642
114.35115031,22.70324500,1643
114.36013346,22.70324500,1644
114.36911662,22.70324500,1645
114.37809977,22.70324500,1646
114.38708292,22.70324500,1647
114.39606608,22.70324500,1648
114.40504923,22.70324500,1649
114.41403238,22.70324500,1650
113.75826222,22.71153186,1651
113.76724538,22.71153186,1652
113.77622853,22.71153186,1653
113.78521168,22.71153186,1654
113.79419484,22.71153186,1655
113.80317799,22.71153186,1656
113.81216114,22.71153186,1657
113.82114429,22.71153186,1658
113.83012745,22.71153186,1659
113.83911060,22.71153186,1660
113.84809375,22.71153186,1661
113.85707691,22.71153186,1662
113.86606006,22.71153186,1663
113.87504321,22.71153186,1664
113.88402636,22.71153186,1665
113.89300952,22.71153186,1666
113.90199267,22.71153186,1667
113.91097582,22.71153186,1668
113.91995898,22.71153186,1669
113.92894213,22.71153186,1670
113.93792528,22.71153186,1671
113.94690843,22.71153186,1672
113.95589159,22.71153186,1673
113.96487474,22.71153186,1674
113.97385789,22.71153186,1675
113.98284104,22.71153186,1676
113.99182420,22.71153186,1677
114.00080735,22.71153186,1678
114.00979050,22.71153186,1679
114.01877366,22.71153186,1680
114.02775681,22.71153186,1681
114.03673996,22.71153186,1682
114.04572311,22.71153186,1683
114.05470627,22.71153186,1684
114.06368942,22.71153186,1685
114.07267257,22.71153186,1686
114.08165573,22.71153186,1687
114.09063888,22.71153186,1688
114.09962203,22.71153186,1689
114.10860518,22.71153186,1690
114.11758834,22.71153186,1691
114.12657149,22.71153186,1692
114.13555464,22.71153186,1693
114.19843671,22.71153186,1694
114.20741987,22.71153186,1695
114.21640302,22.71153186,1696
114.22538617,22.71153186,1697
114.23436932,22.71153186,1698
114.24335248,22.71153186,1699
114.25233563,22.71153186,1700
114.26131878,22.71153186,1701
114.27030194,22.71153186,1702
114.27928509,22.71153186,1703
114.28826824,22.71153186,1704
114.29725139,22.71153186,1705
114.30623455,22.71153186,1706
114.31521770,22.71153186,1707
114.32420085,22.71153186,1708
114.33318401,22.71153186,1709
114.34216716,22.71153186,1710
114.35115031,22.71153186,1711
114.36013346,22.71153186,1712
114.36911662,22.71153186,1713
114.37809977,22.71153186,1714
114.38708292,22.71153186,1715
114.39606608,22.71153186,1716
114.40504923,22.71153186,1717
114.41403238,22.71153186,1718
113.75826222,22.71981821,1719
113.76724538,22.71981821,1720
113.77622853,22.71981821,1721
113.78521168,22.71981821,1722
113.79419484,22.71981821,1723
113.80317799,22.71981821,1724
113.81216114,22.71981821,1725
113.82114429,22.71981821,1726
113.83012745,22.71981821,1727
113.83911060,22.71981821,1728
113.84809375,22.71981821,1729
113.85707691,22.71981821,1730
113.86606006,22.71981821,1731
113.87504321,22.71981821,1732
113.88402636,22.71981821,1733
113.89300952,22.71981821,1734
113.90199267,22.71981821,1735
113.91097582,22.71981821,1736
113.91995898,22.71981821,1737
113.92894213,22.71981821,1738
113.93792528,22.71981821,1739
113.94690843,22.71981821,1740
113.95589159,22.71981821,1741
113.96487474,22.71981821,1742
113.97385789,22.71981821,1743
113.98284104,22.71981821,1744
113.99182420,22.71981821,1745
114.00080735,22.71981821,1746
114.00979050,22.71981821,1747
114.01877366,22.71981821,1748
114.02775681,22.71981821,1749
114.03673996,22.71981821,1750
114.04572311,22.71981821,1751
114.05470627,22.71981821,1752
114.06368942,22.71981821,1753
114.07267257,22.71981821,1754
114.08165573,22.71981821,1755
114.09063888,22.71981821,1756
114.09962203,22.71981821,1757
114.10860518,22.71981821,1758
114.20741987,22.71981821,1759
114.21640302,22.71981821,1760
114.22538617,22.71981821,1761
114.23436932,22.71981821,1762
114.24335248,22.71981821,1763
114.25233563,22.71981821,1764
114.26131878,22.71981821,1765
114.27030194,22.71981821,1766
114.27928509,22.71981821,1767
114.28826824,22.71981821,1768
114.29725139,22.71981821,1769
114.30623455,22.71981821,1770
114.31521770,22.71981821,1771
114.32420085,22.71981821,1772
114.33318401,22.71981821,1773
114.34216716,22.71981821,1774
114.35115031,22.71981821,1775
114.36013346,22.71981821,1776
114.36911662,22.71981821,1777
114.37809977,22.71981821,1778
114.38708292,22.71981821,1779
114.39606608,22.71981821,1780
113.75826222,22.72810406,1781
113.76724538,22.72810406,1782
113.77622853,22.72810406,1783
113.78521168,22.72810406,1784
113.79419484,22.72810406,1785
113.80317799,22.72810406,1786
113.81216114,22.72810406,1787
113.82114429,22.72810406,1788
113.83012745,22.72810406,1789
113.83911060,22.72810406,1790
113.84809375,22.72810406,1791
113.85707691,22.72810406,1792
113.86606006,22.72810406,1793
113.87504321,22.72810406,1794
113.88402636,22.72810406,1795
113.89300952,22.72810406,1796
113.90199267,22.72810406,1797
113.91097582,22.72810406,1798
113.91995898,22.72810406,1799
113.92894213,22.72810406,1800
113.93792528,22.72810406,1801
113.94690843,22.72810406,1802
113.95589159,22.72810406,1803
113.96487474,22.72810406,1804
113.97385789,22.72810406,1805
113.98284104,22.72810406,1806
113.99182420,22.72810406,1807
114.00080735,22.72810406,1808
114.00979050,22.72810406,1809
114.01877366,22.72810406,1810
114.02775681,22.72810406,1811
114.03673996,22.72810406,1812
114.04572311,22.72810406,1813
114.05470627,22.72810406,1814
114.06368942,22.72810406,1815
114.07267257,22.72810406,1816
114.08165573,22.72810406,1817
114.09063888,22.72810406,1818
114.09962203,22.72810406,1819
114.20741987,22.72810406,1820
114.21640302,22.72810406,1821
114.22538617,22.72810406,1822
114.23436932,22.72810406,1823
114.24335248,22.72810406,1824
114.25233563,22.72810406,1825
114.26131878,22.72810406,1826
114.27030194,22.72810406,1827
114.27928509,22.72810406,1828
114.28826824,22.72810406,1829
114.29725139,22.72810406,1830
114.30623455,22.72810406,1831
114.31521770,22.72810406,1832
114.32420085,22.72810406,1833
114.33318401,22.72810406,1834
114.34216716,22.72810406,1835
114.35115031,22.72810406,1836
114.36013346,22.72810406,1837
114.36911662,22.72810406,1838
114.37809977,22.72810406,1839
114.38708292,22.72810406,1840
114.39606608,22.72810406,1841
113.75826222,22.73638941,1842
113.76724538,22.73638941,1843
113.77622853,22.73638941,1844
113.78521168,22.73638941,1845
113.79419484,22.73638941,1846
113.80317799,22.73638941,1847
113.81216114,22.73638941,1848
113.82114429,22.73638941,1849
113.83012745,22.73638941,1850
113.83911060,22.73638941,1851
113.84809375,22.73638941,1852
113.85707691,22.73638941,1853
113.86606006,22.73638941,1854
113.87504321,22.73638941,1855
113.88402636,22.73638941,1856
113.89300952,22.73638941,1857
113.90199267,22.73638941,1858
113.91097582,22.73638941,1859
113.91995898,22.73638941,1860
113.92894213,22.73638941,1861
113.93792528,22.73638941,1862
113.94690843,22.73638941,1863
113.95589159,22.73638941,1864
113.96487474,22.73638941,1865
113.97385789,22.73638941,1866
113.98284104,22.73638941,1867
113.99182420,22.73638941,1868
114.00080735,22.73638941,1869
114.00979050,22.73638941,1870
114.01877366,22.73638941,1871
114.02775681,22.73638941,1872
114.03673996,22.73638941,1873
114.04572311,22.73638941,1874
114.05470627,22.73638941,1875
114.06368942,22.73638941,1876
114.07267257,22.73638941,1877
114.08165573,22.73638941,1878
114.09063888,22.73638941,1879
114.20741987,22.73638941,1880
114.21640302,22.73638941,1881
114.22538617,22.73638941,1882
114.23436932,22.73638941,1883
114.24335248,22.73638941,1884
114.25233563,22.73638941,1885
114.26131878,22.73638941,1886
114.27030194,22.73638941,1887
114.27928509,22.73638941,1888
114.28826824,22.73638941,1889
114.29725139,22.73638941,1890
114.30623455,22.73638941,1891
114.31521770,22.73638941,1892
114.32420085,22.73638941,1893
114.33318401,22.73638941,1894
114.34216716,22.73638941,1895
114.35115031,22.73638941,1896
114.36013346,22.73638941,1897
114.36911662,22.73638941,1898
114.37809977,22.73638941,1899
114.38708292,22.73638941,1900
114.39606608,22.73638941,1901
114.40504923,22.73638941,1902
113.76724538,22.74467425,1903
113.77622853,22.74467425,1904
113.78521168,22.74467425,1905
113.79419484,22.74467425,1906
113.80317799,22.74467425,1907
113.81216114,22.74467425,1908
113.82114429,22.74467425,1909
113.83012745,22.74467425,1910
113.83911060,22.74467425,1911
113.84809375,22.74467425,1912
113.85707691,22.74467425,1913
113.86606006,22.74467425,1914
113.87504321,22.74467425,1915
113.88402636,22.74467425,1916
113.89300952,22.74467425,1917
113.90199267,22.74467425,1918
113.91097582,22.74467425,1919
113.91995898,22.74467425,1920
113.92894213,22.74467425,1921
113.93792528,22.74467425,1922
113.94690843,22.74467425,1923
113.95589159,22.74467425,1924
113.96487474,22.74467425,1925
113.97385789,22.74467425,1926
113.98284104,22.74467425,1927
113.99182420,22.74467425,1928
114.00080735,22.74467425,1929
114.00979050,22.74467425,1930
114.01877366,22.74467425,1931
114.02775681,22.74467425,1932
114.03673996,22.74467425,1933
114.04572311,22.74467425,1934
114.05470627,22.74467425,1935
114.06368942,22.74467425,1936
114.07267257,22.74467425,1937
114.08165573,22.74467425,1938
114.09063888,22.74467425,1939
114.21640302,22.74467425,1940
114.22538617,22.74467425,1941
114.23436932,22.74467425,1942
114.24335248,22.74467425,1943
114.25233563,22.74467425,1944
114.26131878,22.74467425,1945
114.27030194,22.74467425,1946
114.27928509,22.74467425,1947
114.28826824,22.74467425,1948
114.29725139,22.74467425,1949
114.30623455,22.74467425,1950
114.31521770,22.74467425,1951
114.32420085,22.74467425,1952
114.33318401,22.74467425,1953
114.34216716,22.74467425,1954
114.35115031,22.74467425,1955
114.36013346,22.74467425,1956
114.36911662,22.74467425,1957
114.37809977,22.74467425,1958
114.38708292,22.74467425,1959
114.39606608,22.74467425,1960
114.40504923,22.74467425,1961
114.41403238,22.74467425,1962
113.78521168,22.75295860,1963
113.79419484,22.75295860,1964
113.80317799,22.75295860,1965
113.81216114,22.75295860,1966
113.82114429,22.75295860,1967
113.83012745,22.75295860,1968
113.83911060,22.75295860,1969
113.84809375,22.75295860,1970
113.85707691,22.75295860,1971
113.86606006,22.75295860,1972
113.87504321,22.75295860,1973
113.88402636,22.75295860,1974
113.89300952,22.75295860,1975
113.90199267,22.75295860,1976
113.91097582,22.75295860,1977
113.91995898,22.75295860,1978
113.92894213,22.75295860,1979
113.93792528,22.75295860,1980
113.94690843,22.75295860,1981
113.95589159,22.75295860,1982
113.96487474,22.75295860,1983
113.97385789,22.75295860,1984
113.98284104,22.75295860,1985
113.99182420,22.75295860,1986
114.00080735,22.75295860,1987
114.00979050,22.75295860,1988
114.01877366,22.75295860,1989
114.02775681,22.75295860,1990
114.03673996,22.75295860,1991
114.04572311,22.75295860,1992
114.05470627,22.75295860,1993
114.20741987,22.75295860,1994
114.21640302,22.75295860,1995
114.22538617,22.75295860,1996
114.23436932,22.75295860,1997
114.24335248,22.75295860,1998
114.25233563,22.75295860,1999
114.26131878,22.75295860,2000
114.27030194,22.75295860,2001
114.27928509,22.75295860,2002
114.28826824,22.75295860,2003
114.29725139,22.75295860,2004
114.30623455,22.75295860,2005
114.31521770,22.75295860,2006
114.32420085,22.75295860,2007
114.33318401,22.75295860,2008
114.34216716,22.75295860,2009
114.35115031,22.75295860,2010
114.36013346,22.75295860,2011
114.36911662,22.75295860,2012
114.37809977,22.75295860,2013
114.38708292,22.75295860,2014
114.39606608,22.75295860,2015
114.40504923,22.75295860,2016
114.41403238,22.75295860,2017
113.79419484,22.76124244,2018
113.80317799,22.76124244,2019
113.81216114,22.76124244,2020
113.82114429,22.76124244,2021
113.83012745,22.76124244,2022
113.83911060,22.76124244,2023
113.84809375,22.76124244,2024
113.85707691,22.76124244,2025
113.86606006,22.76124244,2026
113.87504321,22.76124244,2027
113.88402636,22.76124244,2028
113.89300952,22.76124244,2029
113.90199267,22.76124244,2030
113.91097582,22.76124244,2031
113.91995898,22.76124244,2032
113.92894213,22.76124244,2033
113.93792528,22.76124244,2034
113.94690843,22.76124244,2035
113.95589159,22.76124244,2036
113.96487474,22.76124244,2037
113.97385789,22.76124244,2038
113.98284104,22.76124244,2039
113.99182420,22.76124244,2040
114.00080735,22.76124244,2041
114.00979050,22.76124244,2042
114.01877366,22.76124244,2043
114.02775681,22.76124244,2044
114.03673996,22.76124244,2045
114.19843671,22.76124244,2046
114.20741987,22.76124244,2047
114.21640302,22.76124244,2048
114.22538617,22.76124244,2049
114.23436932,22.76124244,2050
114.24335248,22.76124244,2051
114.25233563,22.76124244,2052
114.26131878,22.76124244,2053
114.27030194,22.76124244,2054
114.27928509,22.76124244,2055
114.28826824,22.76124244,2056
114.29725139,22.76124244,2057
114.30623455,22.76124244,2058
114.31521770,22.76124244,2059
114.32420085,22.76124244,2060
114.33318401,22.76124244,2061
114.34216716,22.76124244,2062
114.35115031,22.76124244,2063
114.36013346,22.76124244,2064
114.36911662,22.76124244,2065
114.37809977,22.76124244,2066
114.39606608,22.76124244,2067
114.40504923,22.76124244,2068
114.41403238,22.76124244,2069
113.79419484,22.76952578,2070
113.80317799,22.76952578,2071
113.81216114,22.76952578,2072
113.82114429,22.76952578,2073
113.83012745,22.76952578,2074
113.83911060,22.76952578,2075
113.84809375,22.76952578,2076
113.85707691,22.76952578,2077
113.86606006,22.76952578,2078
113.87504321,22.76952578,2079
113.88402636,22.76952578,2080
113.89300952,22.76952578,2081
113.90199267,22.76952578,2082
113.91097582,22.76952578,2083
113.91995898,22.76952578,2084
113.92894213,22.76952578,2085
113.93792528,22.76952578,2086
113.94690843,22.76952578,2087
113.95589159,22.76952578,2088
113.96487474,22.76952578,2089
113.97385789,22.76952578,2090
113.98284104,22.76952578,2091
113.99182420,22.76952578,2092
114.18945356,22.76952578,2093
114.19843671,22.76952578,2094
114.20741987,22.76952578,2095
114.21640302,22.76952578,2096
114.22538617,22.76952578,2097
114.23436932,22.76952578,2098
114.24335248,22.76952578,2099
114.25233563,22.76952578,2100
114.26131878,22.76952578,2101
114.27030194,22.76952578,2102
114.27928509,22.76952578,2103
114.28826824,22.76952578,2104
114.29725139,22.76952578,2105
114.30623455,22.76952578,2106
114.31521770,22.76952578,2107
114.32420085,22.76952578,2108
114.33318401,22.76952578,2109
114.34216716,22.76952578,2110
114.35115031,22.76952578,2111
114.39606608,22.76952578,2112
114.40504923,22.76952578,2113
113.79419484,22.77780861,2114
113.80317799,22.77780861,2115
113.81216114,22.77780861,2116
113.82114429,22.77780861,2117
113.83012745,22.77780861,2118
113.83911060,22.77780861,2119
113.84809375,22.77780861,2120
113.85707691,22.77780861,2121
113.86606006,22.77780861,2122
113.87504321,22.77780861,2123
113.88402636,22.77780861,2124
113.89300952,22.77780861,2125
113.90199267,22.77780861,2126
113.91097582,22.77780861,2127
113.91995898,22.77780861,2128
113.92894213,22.77780861,2129
113.93792528,22.77780861,2130
113.94690843,22.77780861,2131
113.95589159,22.77780861,2132
113.96487474,22.77780861,2133
113.97385789,22.77780861,2134
113.98284104,22.77780861,2135
113.99182420,22.77780861,2136
114.18945356,22.77780861,2137
114.19843671,22.77780861,2138
114.20741987,22.77780861,2139
114.21640302,22.77780861,2140
114.22538617,22.77780861,2141
114.23436932,22.77780861,2142
114.24335248,22.77780861,2143
114.25233563,22.77780861,2144
114.26131878,22.77780861,2145
114.27030194,22.77780861,2146
114.27928509,22.77780861,2147
114.28826824,22.77780861,2148
114.29725139,22.77780861,2149
114.30623455,22.77780861,2150
114.31521770,22.77780861,2151
114.32420085,22.77780861,2152
114.33318401,22.77780861,2153
114.34216716,22.77780861,2154
114.35115031,22.77780861,2155
114.39606608,22.77780861,2156
114.40504923,22.77780861,2157
113.81216114,22.78609095,2158
113.82114429,22.78609095,2159
113.83012745,22.78609095,2160
113.83911060,22.78609095,2161
113.84809375,22.78609095,2162
113.85707691,22.78609095,2163
113.86606006,22.78609095,2164
113.87504321,22.78609095,2165
113.88402636,22.78609095,2166
113.89300952,22.78609095,2167
113.90199267,22.78609095,2168
113.91097582,22.78609095,2169
113.91995898,22.78609095,2170
113.92894213,22.78609095,2171
113.93792528,22.78609095,2172
113.94690843,22.78609095,2173
113.95589159,22.78609095,2174
113.96487474,22.78609095,2175
113.97385789,22.78609095,2176
113.98284104,22.78609095,2177
114.18945356,22.78609095,2178
114.19843671,22.78609095,2179
114.20741987,22.78609095,2180
114.21640302,22.78609095,2181
114.22538617,22.78609095,2182
114.23436932,22.78609095,2183
114.24335248,22.78609095,2184
114.26131878,22.78609095,2185
114.27030194,22.78609095,2186
114.27928509,22.78609095,2187
114.28826824,22.78609095,2188
114.29725139,22.78609095,2189
114.30623455,22.78609095,2190
114.31521770,22.78609095,2191
114.32420085,22.78609095,2192
114.33318401,22.78609095,2193
113.81216114,22.79437278,2194
113.82114429,22.79437278,2195
113.83012745,22.79437278,2196
113.83911060,22.79437278,2197
113.84809375,22.79437278,2198
113.85707691,22.79437278,2199
113.86606006,22.79437278,2200
113.87504321,22.79437278,2201
113.88402636,22.79437278,2202
113.89300952,22.79437278,2203
113.90199267,22.79437278,2204
113.91097582,22.79437278,2205
113.91995898,22.79437278,2206
113.92894213,22.79437278,2207
113.93792528,22.79437278,2208
113.94690843,22.79437278,2209
113.95589159,22.79437278,2210
113.96487474,22.79437278,2211
113.97385789,22.79437278,2212
113.98284104,22.79437278,2213
114.20741987,22.79437278,2214
114.21640302,22.79437278,2215
114.22538617,22.79437278,2216
114.23436932,22.79437278,2217
114.27030194,22.79437278,2218
114.27928509,22.79437278,2219
114.28826824,22.79437278,2220
114.29725139,22.79437278,2221
114.30623455,22.79437278,2222
114.31521770,22.79437278,2223
114.32420085,22.79437278,2224
114.33318401,22.79437278,2225
114.34216716,22.79437278,2226
113.83911060,22.80265411,2227
113.84809375,22.80265411,2228
113.85707691,22.80265411,2229
113.86606006,22.80265411,2230
113.87504321,22.80265411,2231
113.88402636,22.80265411,2232
113.89300952,22.80265411,2233
113.90199267,22.80265411,2234
113.91097582,22.80265411,2235
113.91995898,22.80265411,2236
113.92894213,22.80265411,2237
113.93792528,22.80265411,2238
113.94690843,22.80265411,2239
113.95589159,22.80265411,2240
113.96487474,22.80265411,2241
113.97385789,22.80265411,2242
113.98284104,22.80265411,2243
114.21640302,22.80265411,2244
114.22538617,22.80265411,2245
114.28826824,22.80265411,2246
114.30623455,22.80265411,2247
114.31521770,22.80265411,2248
114.32420085,22.80265411,2249
114.33318401,22.80265411,2250
114.34216716,22.80265411,2251
113.83911060,22.81093493,2252
113.84809375,22.81093493,2253
113.85707691,22.81093493,2254
113.86606006,22.81093493,2255
113.87504321,22.81093493,2256
113.88402636,22.81093493,2257
113.89300952,22.81093493,2258
113.90199267,22.81093493,2259
113.91097582,22.81093493,2260
113.91995898,22.81093493,2261
113.92894213,22.81093493,2262
113.93792528,22.81093493,2263
113.94690843,22.81093493,2264
113.95589159,22.81093493,2265
113.96487474,22.81093493,2266
114.22538617,22.81093493,2267
114.33318401,22.81093493,2268
114.34216716,22.81093493,2269
113.83911060,22.81921525,2270
113.84809375,22.81921525,2271
113.85707691,22.81921525,2272
113.86606006,22.81921525,2273
113.87504321,22.81921525,2274
113.88402636,22.81921525,2275
113.89300952,22.81921525,2276
113.90199267,22.81921525,2277
113.91097582,22.81921525,2278
113.91995898,22.81921525,2279
113.92894213,22.81921525,2280
113.93792528,22.81921525,2281
113.94690843,22.81921525,2282
113.83911060,22.82749507,2283
113.84809375,22.82749507,2284
113.85707691,22.82749507,2285
113.86606006,22.82749507,2286
113.87504321,22.82749507,2287
113.88402636,22.82749507,2288
113.89300952,22.82749507,2289
113.90199267,22.82749507,2290
113.91097582,22.82749507,2291
113.91995898,22.82749507,2292
113.92894213,22.82749507,2293
113.83911060,22.83577439,2294
113.84809375,22.83577439,2295
113.85707691,22.83577439,2296
113.86606006,22.83577439,2297
113.87504321,22.83577439,2298
113.88402636,22.83577439,2299
113.89300952,22.83577439,2300
113.90199267,22.83577439,2301
113.91097582,22.83577439,2302
113.91995898,22.83577439,2303
113.92894213,22.83577439,2304
113.87504321,22.84405320,2305
113.88402636,22.84405320,2306
113.89300952,22.84405320,2307
113.91995898,22.84405320,2308
113.92894213,22.84405320,2309
113.88402636,22.85233150,2310
